{"type":"FeatureCollection","features":[{"type":"Feature","id":"M31","properties":{"name":"M31","type":"s","mag":3.4,"dim":"189x61"},"geometry":{"type":"Point","coordinates":[10.68,41.267]}},{"type":"Feature","id":"NGC752","properties":{"name":"NGC 752","type":"oc","mag":5.7,"dim":"50"},"geometry":{"type":"Point","coordinates":[29.43,37.667]}},{"type":"Feature","id":"NGC7686","properties":{"name":"NGC 7686","type":"oc","mag":5.6,"dim":"15"},"geometry":{"type":"Point","coordinates":[-7.47,49]}},{"type":"Feature","id":"LDN617","properties":{"name":"LDN 617","type":"dn","mag":999,"dim":"180"},"geometry":{"type":"Point","coordinates":[-75.63,1.067]}},{"type":"Feature","id":"B137","properties":{"name":"B 137","type":"dn","mag":999,"dim":"180x10"},"geometry":{"type":"Point","coordinates":[-71.1,0.217]}},{"type":"Feature","id":"B138","properties":{"name":"B 138","type":"dn","mag":999,"dim":"180"},"geometry":{"type":"Point","coordinates":[-70.995,0.217]}},{"type":"Feature","id":"NGC6193","properties":{"name":"NGC 6193","type":"oc","mag":5.2,"dim":"15"},"geometry":{"type":"Point","coordinates":[-109.68,-48.767]}},{"type":"Feature","id":"NGC6250","properties":{"name":"NGC 6250","type":"oc","mag":5.9,"dim":"10"},"geometry":{"type":"Point","coordinates":[-105.525,-45.933]}},{"type":"Feature","id":"NGC6397","properties":{"name":"NGC 6397","type":"gc","mag":5.3,"dim":"25.7"},"geometry":{"type":"Point","coordinates":[-94.83,-53.667]}},{"type":"Feature","id":"Latysev1","properties":{"name":"Latysev 1","type":"oc","mag":999,"dim":"330"},"geometry":{"type":"Point","coordinates":[43.305,27.467]}},{"type":"Feature","id":"Mel31","properties":{"name":"Mel 31","type":"oc","mag":999,"dim":"135"},"geometry":{"type":"Point","coordinates":[79.545,33.367]}},{"type":"Feature","id":"Cr62","properties":{"name":"Cr 62","type":"oc","mag":4.2,"dim":"28"},"geometry":{"type":"Point","coordinates":[80.625,41]}},{"type":"Feature","id":"M36","properties":{"name":"M36","type":"oc","mag":6,"dim":"12"},"geometry":{"type":"Point","coordinates":[84.075,34]}},{"type":"Feature","id":"M37","properties":{"name":"M37","type":"oc","mag":5.6,"dim":"24"},"geometry":{"type":"Point","coordinates":[88.08,32.55]}},{"type":"Feature","id":"NGC2281","properties":{"name":"NGC 2281","type":"oc","mag":5.4,"dim":"15"},"geometry":{"type":"Point","coordinates":[102.075,41.083]}},{"type":"Feature","id":"B9","properties":{"name":"B 9","type":"dn","mag":999,"dim":"150x30"},"geometry":{"type":"Point","coordinates":[64.5,55.05]}},{"type":"Feature","id":"B8","properties":{"name":"B 8","type":"dn","mag":999,"dim":"150x90"},"geometry":{"type":"Point","coordinates":[64.755,55.05]}},{"type":"Feature","id":"Cr464","properties":{"name":"Cr 464","type":"oc","mag":4.2,"dim":"120"},"geometry":{"type":"Point","coordinates":[78.15,73.967]}},{"type":"Feature","id":"NGC2516","properties":{"name":"NGC 2516","type":"oc","mag":3.8,"dim":"21"},"geometry":{"type":"Point","coordinates":[119.52,-60.75]}},{"type":"Feature","id":"NGC3114","properties":{"name":"NGC 3114","type":"oc","mag":4.2,"dim":"35"},"geometry":{"type":"Point","coordinates":[150.63,-60]}},{"type":"Feature","id":"IC2581","properties":{"name":"IC 2581","type":"oc","mag":4.3,"dim":"8"},"geometry":{"type":"Point","coordinates":[156.855,-57.633]}},{"type":"Feature","id":"NGC3293","properties":{"name":"NGC 3293","type":"oc","mag":4.7,"dim":"40"},"geometry":{"type":"Point","coordinates":[158.955,-58.217]}},{"type":"Feature","id":"IC2602","properties":{"name":"IC 2602","type":"oc","mag":1.9,"dim":"100"},"geometry":{"type":"Point","coordinates":[160.725,-64.4]}},{"type":"Feature","id":"Tr14","properties":{"name":"Tr 14","type":"oc","mag":5.5,"dim":"5"},"geometry":{"type":"Point","coordinates":[160.98,-59.55]}},{"type":"Feature","id":"Cr228","properties":{"name":"Cr 228","type":"oc","mag":4.4,"dim":"15"},"geometry":{"type":"Point","coordinates":[160.995,-60.083]}},{"type":"Feature","id":"NGC3372","properties":{"name":"NGC 3372","type":"en","mag":3,"dim":"120x120"},"geometry":{"type":"Point","coordinates":[161.28,-59.867]}},{"type":"Feature","id":"Tr16","properties":{"name":"Tr 16","type":"oc","mag":5,"dim":"10"},"geometry":{"type":"Point","coordinates":[161.28,-59.717]}},{"type":"Feature","id":"NGC3532","properties":{"name":"NGC 3532","type":"oc","mag":3,"dim":"50"},"geometry":{"type":"Point","coordinates":[166.305,-58.733]}},{"type":"Feature","id":"Fein1","properties":{"name":"Fein 1","type":"oc","mag":4.7,"dim":"50"},"geometry":{"type":"Point","coordinates":[166.5,-59.8]}},{"type":"Feature","id":"Cr240","properties":{"name":"Cr 240","type":"oc","mag":3.9,"dim":"25"},"geometry":{"type":"Point","coordinates":[167.925,-60.317]}},{"type":"Feature","id":"Cr463","properties":{"name":"Cr 463","type":"oc","mag":5.7,"dim":"36"},"geometry":{"type":"Point","coordinates":[26.43,71.817]}},{"type":"Feature","id":"Stock2","properties":{"name":"Stock 2","type":"oc","mag":4.4,"dim":"60"},"geometry":{"type":"Point","coordinates":[33.675,59.483]}},{"type":"Feature","id":"Cr33","properties":{"name":"Cr 33","type":"oc","mag":5.9,"dim":"40"},"geometry":{"type":"Point","coordinates":[44.82,60.4]}},{"type":"Feature","id":"NGC3766","properties":{"name":"NGC 3766","type":"oc","mag":5.3,"dim":"12"},"geometry":{"type":"Point","coordinates":[174.045,-61.617]}},{"type":"Feature","id":"RCW59","properties":{"name":"RCW 59","type":"en","mag":999,"dim":"180"},"geometry":{"type":"Point","coordinates":[174.255,-57]}},{"type":"Feature","id":"IC2944","properties":{"name":"IC 2944","type":"oc","mag":4.5,"dim":"60x35"},"geometry":{"type":"Point","coordinates":[174.48,-63.35]}},{"type":"Feature","id":"Ced122","properties":{"name":"Ced 122","type":"en","mag":999,"dim":"144x130"},"geometry":{"type":"Point","coordinates":[-158.745,-64.017]}},{"type":"Feature","id":"OmegaCentauri","properties":{"name":"Omega Centauri","type":"gc","mag":3.9,"dim":"36.3"},"geometry":{"type":"Point","coordinates":[-158.295,-47.483]}},{"type":"Feature","id":"NGC5281","properties":{"name":"NGC 5281","type":"oc","mag":5.9,"dim":"7"},"geometry":{"type":"Point","coordinates":[-153.345,-62.917]}},{"type":"Feature","id":"NGC5316","properties":{"name":"NGC 5316","type":"oc","mag":6,"dim":"14"},"geometry":{"type":"Point","coordinates":[-151.5,-61.867]}},{"type":"Feature","id":"NGC5460","properties":{"name":"NGC 5460","type":"oc","mag":5.6,"dim":"25"},"geometry":{"type":"Point","coordinates":[-148.125,-48.35]}},{"type":"Feature","id":"NGC5662","properties":{"name":"NGC 5662","type":"oc","mag":5.5,"dim":"29"},"geometry":{"type":"Point","coordinates":[-141.105,-56.617]}},{"type":"Feature","id":"Tr37","properties":{"name":"Tr 37","type":"oc","mag":5.1,"dim":"50"},"geometry":{"type":"Point","coordinates":[-35.25,57.5]}},{"type":"Feature","id":"IC1396","properties":{"name":"IC 1396","type":"oc","mag":3.5,"dim":"89"},"geometry":{"type":"Point","coordinates":[-35.22,57.5]}},{"type":"Feature","id":"Cr471","properties":{"name":"Cr 471","type":"oc","mag":999,"dim":"130"},"geometry":{"type":"Point","coordinates":[-28.23,72]}},{"type":"Feature","id":"M41","properties":{"name":"M41","type":"oc","mag":4.5,"dim":"38"},"geometry":{"type":"Point","coordinates":[101.505,-20.75]}},{"type":"Feature","id":"Cr121","properties":{"name":"Cr 121","type":"oc","mag":2.6,"dim":"50"},"geometry":{"type":"Point","coordinates":[104.07,-24.733]}},{"type":"Feature","id":"Cr132","properties":{"name":"Cr 132","type":"oc","mag":3.6,"dim":"80"},"geometry":{"type":"Point","coordinates":[108.855,-30.683]}},{"type":"Feature","id":"NGC2362","properties":{"name":"NGC 2362","type":"oc","mag":4.1,"dim":"8"},"geometry":{"type":"Point","coordinates":[109.68,-24.95]}},{"type":"Feature","id":"Cr140","properties":{"name":"Cr 140","type":"oc","mag":3.5,"dim":"60"},"geometry":{"type":"Point","coordinates":[111.12,-31.85]}},{"type":"Feature","id":"M44","properties":{"name":"M44","type":"oc","mag":3.1,"dim":"95"},"geometry":{"type":"Point","coordinates":[130.005,19.667]}},{"type":"Feature","id":"NGC1963","properties":{"name":"NGC 1963","type":"oc","mag":999,"dim":"120"},"geometry":{"type":"Point","coordinates":[83.07,-36.4]}},{"type":"Feature","id":"Mel111","properties":{"name":"Mel 111","type":"oc","mag":1.8,"dim":"275"},"geometry":{"type":"Point","coordinates":[-173.73,26.117]}},{"type":"Feature","id":"ComaI","properties":{"name":"Coma I","type":"gg","mag":13.5,"dim":"224"},"geometry":{"type":"Point","coordinates":[-165.045,27.983]}},{"type":"Feature","id":"Coalsack","properties":{"name":"Coalsack","type":"dn","mag":999,"dim":"400x300"},"geometry":{"type":"Point","coordinates":[-166.755,-63]}},{"type":"Feature","id":"NGC4755","properties":{"name":"NGC 4755","type":"oc","mag":4.2,"dim":"10"},"geometry":{"type":"Point","coordinates":[-166.605,-60.35]}},{"type":"Feature","id":"Sh2-91","properties":{"name":"Sh2-91","type":"snr","mag":999,"dim":"120x2"},"geometry":{"type":"Point","coordinates":[-66.105,29.617]}},{"type":"Feature","id":"NGC6871","properties":{"name":"NGC 6871","type":"oc","mag":5.2,"dim":"20"},"geometry":{"type":"Point","coordinates":[-58.53,35.783]}},{"type":"Feature","id":"Cr419","properties":{"name":"Cr 419","type":"oc","mag":5.4,"dim":"4.5"},"geometry":{"type":"Point","coordinates":[-55.47,40.733]}},{"type":"Feature","id":"B348","properties":{"name":"B 348","type":"dn","mag":999,"dim":"240x120"},"geometry":{"type":"Point","coordinates":[-50.805,42.017]}},{"type":"Feature","id":"LDN896","properties":{"name":"LDN 896","type":"dn","mag":999,"dim":"240x120"},"geometry":{"type":"Point","coordinates":[-49.995,42]}},{"type":"Feature","id":"NGC6960","properties":{"name":"NGC 6960","type":"snr","mag":7,"dim":"210x160"},"geometry":{"type":"Point","coordinates":[-48.57,30.717]}},{"type":"Feature","id":"LDN935","properties":{"name":"LDN 935","type":"dn","mag":999,"dim":"150"},"geometry":{"type":"Point","coordinates":[-45.795,43.867]}},{"type":"Feature","id":"LeGentil3","properties":{"name":"Le Gentil 3","type":"dn","mag":999,"dim":"720x360"},"geometry":{"type":"Point","coordinates":[-45,51]}},{"type":"Feature","id":"NGC7000","properties":{"name":"NGC 7000","type":"en","mag":4,"dim":"120x30"},"geometry":{"type":"Point","coordinates":[-44.55,44.2]}},{"type":"Feature","id":"M39","properties":{"name":"M39","type":"oc","mag":4.6,"dim":"32"},"geometry":{"type":"Point","coordinates":[-36.945,48.433]}},{"type":"Feature","id":"LMC","properties":{"name":"LMC","type":"sd","mag":0.4,"dim":"550x170"},"geometry":{"type":"Point","coordinates":[80.895,-69.75]}},{"type":"Feature","id":"NGC1909","properties":{"name":"NGC 1909","type":"rn","mag":999,"dim":"180x60"},"geometry":{"type":"Point","coordinates":[76.125,-7.267]}},{"type":"Feature","id":"M35","properties":{"name":"M35","type":"oc","mag":5.1,"dim":"28"},"geometry":{"type":"Point","coordinates":[92.22,24.35]}},{"type":"Feature","id":"Cr89","properties":{"name":"Cr 89","type":"oc","mag":5.7,"dim":"35"},"geometry":{"type":"Point","coordinates":[94.5,23.633]}},{"type":"Feature","id":"M13","properties":{"name":"M13","type":"gc","mag":5.8,"dim":"23.2"},"geometry":{"type":"Point","coordinates":[-109.575,36.467]}},{"type":"Feature","id":"M48","properties":{"name":"M48","type":"oc","mag":5.8,"dim":"54"},"geometry":{"type":"Point","coordinates":[123.42,-5.75]}},{"type":"Feature","id":"HydraI","properties":{"name":"Hydra I","type":"gg","mag":12.7,"dim":"168"},"geometry":{"type":"Point","coordinates":[159.195,-27.533]}},{"type":"Feature","id":"B228","properties":{"name":"B 228","type":"dn","mag":999,"dim":"240x20"},"geometry":{"type":"Point","coordinates":[-123.63,-34.4]}},{"type":"Feature","id":"SL11","properties":{"name":"SL 11","type":"dn","mag":999,"dim":"150x40"},"geometry":{"type":"Point","coordinates":[-120.75,-37.8]}},{"type":"Feature","id":"Steph1","properties":{"name":"Steph 1","type":"oc","mag":3.8,"dim":"20"},"geometry":{"type":"Point","coordinates":[-76.38,36.9]}},{"type":"Feature","id":"NGC2232","properties":{"name":"NGC 2232","type":"oc","mag":3.9,"dim":"30"},"geometry":{"type":"Point","coordinates":[97.005,-4.85]}},{"type":"Feature","id":"NGC2238","properties":{"name":"NGC 2238","type":"en","mag":6,"dim":"80x60"},"geometry":{"type":"Point","coordinates":[97.68,5.017]}},{"type":"Feature","id":"NGC2237","properties":{"name":"NGC 2237","type":"sfr","mag":5.5,"dim":"80x60"},"geometry":{"type":"Point","coordinates":[97.725,5.05]}},{"type":"Feature","id":"Cr97","properties":{"name":"Cr 97","type":"oc","mag":5.4,"dim":"21"},"geometry":{"type":"Point","coordinates":[97.755,5.833]}},{"type":"Feature","id":"NGC2239","properties":{"name":"NGC 2239","type":"oc","mag":4.8,"dim":"24"},"geometry":{"type":"Point","coordinates":[97.98,4.95]}},{"type":"Feature","id":"NGC2244","properties":{"name":"NGC 2244","type":"oc","mag":4.8,"dim":"24"},"geometry":{"type":"Point","coordinates":[97.98,4.95]}},{"type":"Feature","id":"B37","properties":{"name":"B 37","type":"dn","mag":999,"dim":"180"},"geometry":{"type":"Point","coordinates":[97.995,10.467]}},{"type":"Feature","id":"Cr106","properties":{"name":"Cr 106","type":"oc","mag":4.6,"dim":"45"},"geometry":{"type":"Point","coordinates":[99.27,5.95]}},{"type":"Feature","id":"Cr107","properties":{"name":"Cr 107","type":"oc","mag":5.1,"dim":"35"},"geometry":{"type":"Point","coordinates":[99.42,4.733]}},{"type":"Feature","id":"NGC2264","properties":{"name":"NGC 2264","type":"oc","mag":3.9,"dim":"20"},"geometry":{"type":"Point","coordinates":[100.245,9.9]}},{"type":"Feature","id":"NGC2301","properties":{"name":"NGC 2301","type":"oc","mag":6,"dim":"12"},"geometry":{"type":"Point","coordinates":[102.945,0.467]}},{"type":"Feature","id":"M50","properties":{"name":"M50","type":"oc","mag":5.9,"dim":"16"},"geometry":{"type":"Point","coordinates":[105.63,-8.383]}},{"type":"Feature","id":"DarkDoodad","properties":{"name":"Dark Doodad","type":"dn","mag":999,"dim":"180x12"},"geometry":{"type":"Point","coordinates":[-173.745,-72]}},{"type":"Feature","id":"NGC6067","properties":{"name":"NGC 6067","type":"oc","mag":5.6,"dim":"13"},"geometry":{"type":"Point","coordinates":[-116.7,-54.217]}},{"type":"Feature","id":"NGC6087","properties":{"name":"NGC 6087","type":"oc","mag":5.4,"dim":"12"},"geometry":{"type":"Point","coordinates":[-115.305,-57.933]}},{"type":"Feature","id":"Mel227","properties":{"name":"Mel 227","type":"oc","mag":5.3,"dim":"50"},"geometry":{"type":"Point","coordinates":[-56.175,-79.283]}},{"type":"Feature","id":"B43","properties":{"name":"B 43","type":"dn","mag":999,"dim":"120x40"},"geometry":{"type":"Point","coordinates":[-112.425,-19.783]}},{"type":"Feature","id":"B44","properties":{"name":"B 44","type":"dn","mag":999,"dim":"280x40"},"geometry":{"type":"Point","coordinates":[-109.875,-24.067]}},{"type":"Feature","id":"B45","properties":{"name":"B 45","type":"dn","mag":999,"dim":"120x20"},"geometry":{"type":"Point","coordinates":[-108.375,-21.6]}},{"type":"Feature","id":"B268","properties":{"name":"B 268","type":"dn","mag":999,"dim":"120"},"geometry":{"type":"Point","coordinates":[-97.005,-20.533]}},{"type":"Feature","id":"B78","properties":{"name":"B 78","type":"dn","mag":999,"dim":"200x140"},"geometry":{"type":"Point","coordinates":[-96.75,-25.6]}},{"type":"Feature","id":"IC4665","properties":{"name":"IC 4665","type":"oc","mag":4.2,"dim":"41"},"geometry":{"type":"Point","coordinates":[-93.42,5.717]}},{"type":"Feature","id":"Mel186","properties":{"name":"Mel 186","type":"oc","mag":3,"dim":"240"},"geometry":{"type":"Point","coordinates":[-89.73,2.9]}},{"type":"Feature","id":"NGC6633","properties":{"name":"NGC 6633","type":"oc","mag":4.6,"dim":"27"},"geometry":{"type":"Point","coordinates":[-83.175,6.517]}},{"type":"Feature","id":"Cr65","properties":{"name":"Cr 65","type":"oc","mag":3,"dim":"220"},"geometry":{"type":"Point","coordinates":[81.525,16.7]}},{"type":"Feature","id":"LDN1641","properties":{"name":"LDN 1641","type":"dn","mag":999,"dim":"300"},"geometry":{"type":"Point","coordinates":[83.25,-6]}},{"type":"Feature","id":"Cr69","properties":{"name":"Cr 69","type":"oc","mag":2.8,"dim":"65"},"geometry":{"type":"Point","coordinates":[83.775,9.933]}},{"type":"Feature","id":"NGC1981","properties":{"name":"NGC 1981","type":"oc","mag":4.2,"dim":"25"},"geometry":{"type":"Point","coordinates":[83.805,-4.433]}},{"type":"Feature","id":"M42","properties":{"name":"M42","type":"sfr","mag":4,"dim":"90x60"},"geometry":{"type":"Point","coordinates":[83.82,-5.383]}},{"type":"Feature","id":"NGC1980","properties":{"name":"NGC 1980","type":"oc","mag":2.5,"dim":"14x14"},"geometry":{"type":"Point","coordinates":[83.85,-5.917]}},{"type":"Feature","id":"Cr70","properties":{"name":"Cr 70","type":"oc","mag":0.4,"dim":"150"},"geometry":{"type":"Point","coordinates":[84,-1]}},{"type":"Feature","id":"Sh2-264","properties":{"name":"Sh2-264","type":"en","mag":5,"dim":"70"},"geometry":{"type":"Point","coordinates":[84.075,10]}},{"type":"Feature","id":"B36","properties":{"name":"B 36","type":"dn","mag":999,"dim":"120"},"geometry":{"type":"Point","coordinates":[86.43,7.517]}},{"type":"Feature","id":"Sh2-276","properties":{"name":"Sh2-276","type":"en","mag":7,"dim":"600x60"},"geometry":{"type":"Point","coordinates":[88.605,-1]}},{"type":"Feature","id":"NGC2169","properties":{"name":"NGC 2169","type":"oc","mag":5.9,"dim":"7"},"geometry":{"type":"Point","coordinates":[92.1,13.967]}},{"type":"Feature","id":"NGC6752","properties":{"name":"NGC 6752","type":"gc","mag":5.4,"dim":"20.4"},"geometry":{"type":"Point","coordinates":[-72.27,-59.983]}},{"type":"Feature","id":"NGC869","properties":{"name":"NGC 869","type":"oc","mag":5.3,"dim":"30"},"geometry":{"type":"Point","coordinates":[34.77,57]}},{"type":"Feature","id":"Tr2","properties":{"name":"Tr 2","type":"oc","mag":5.9,"dim":"20"},"geometry":{"type":"Point","coordinates":[39.225,55.917]}},{"type":"Feature","id":"M34","properties":{"name":"M34","type":"oc","mag":5.2,"dim":"35"},"geometry":{"type":"Point","coordinates":[40.53,42.783]}},{"type":"Feature","id":"PerseusI","properties":{"name":"Perseus I","type":"gg","mag":13,"dim":"190.4"},"geometry":{"type":"Point","coordinates":[49.92,41.5]}},{"type":"Feature","id":"Mel20","properties":{"name":"Mel 20","type":"oc","mag":1.2,"dim":"185"},"geometry":{"type":"Point","coordinates":[51.075,49.867]}},{"type":"Feature","id":"NGC1499","properties":{"name":"NGC 1499","type":"en","mag":5,"dim":"160x40"},"geometry":{"type":"Point","coordinates":[60.795,36.367]}},{"type":"Feature","id":"Cr135","properties":{"name":"Cr 135","type":"oc","mag":2.1,"dim":"50"},"geometry":{"type":"Point","coordinates":[109.35,-36.833]}},{"type":"Feature","id":"M47","properties":{"name":"M47","type":"oc","mag":4.4,"dim":"30"},"geometry":{"type":"Point","coordinates":[114.15,-14.483]}},{"type":"Feature","id":"NGC2478","properties":{"name":"NGC 2478","type":"oc","mag":4.4,"dim":"30"},"geometry":{"type":"Point","coordinates":[114.15,-14.483]}},{"type":"Feature","id":"NGC2451","properties":{"name":"NGC 2451","type":"oc","mag":2.8,"dim":"50"},"geometry":{"type":"Point","coordinates":[116.325,-37.967]}},{"type":"Feature","id":"NGC2477","properties":{"name":"NGC 2477","type":"oc","mag":5.8,"dim":"27"},"geometry":{"type":"Point","coordinates":[118.05,-38.533]}},{"type":"Feature","id":"Cr173","properties":{"name":"Cr 173","type":"oc","mag":0.6,"dim":"370"},"geometry":{"type":"Point","coordinates":[120.9,-46.267]}},{"type":"Feature","id":"Sh2-312","properties":{"name":"Sh2-312","type":"en","mag":999,"dim":"720"},"geometry":{"type":"Point","coordinates":[135,-26]}},{"type":"Feature","id":"Blanco1","properties":{"name":"Blanco 1","type":"oc","mag":4.5,"dim":"89"},"geometry":{"type":"Point","coordinates":[1.08,-29.933]}},{"type":"Feature","id":"Sh2-1","properties":{"name":"Sh2-1","type":"bn","mag":999,"dim":"150x60"},"geometry":{"type":"Point","coordinates":[-121.08,-25.667]}},{"type":"Feature","id":"M4","properties":{"name":"M4","type":"gc","mag":5.4,"dim":"26.3"},"geometry":{"type":"Point","coordinates":[-114.105,-26.533]}},{"type":"Feature","id":"NGC6124","properties":{"name":"NGC 6124","type":"oc","mag":5.8,"dim":"29"},"geometry":{"type":"Point","coordinates":[-113.67,-40.65]}},{"type":"Feature","id":"Cr302","properties":{"name":"Cr 302","type":"oc","mag":1,"dim":"500"},"geometry":{"type":"Point","coordinates":[-113.505,-26.217]}},{"type":"Feature","id":"NGC6227","properties":{"name":"NGC 6227","type":"oc","mag":5,"dim":"18"},"geometry":{"type":"Point","coordinates":[-107.1,-41.217]}},{"type":"Feature","id":"NGC6231","properties":{"name":"NGC 6231","type":"oc","mag":2.6,"dim":"15"},"geometry":{"type":"Point","coordinates":[-106.455,-41.817]}},{"type":"Feature","id":"Cr316","properties":{"name":"Cr 316","type":"oc","mag":3.4,"dim":"105"},"geometry":{"type":"Point","coordinates":[-106.125,-40.833]}},{"type":"Feature","id":"NGC6281","properties":{"name":"NGC 6281","type":"oc","mag":5.4,"dim":"200x150"},"geometry":{"type":"Point","coordinates":[-103.83,-37.983]}},{"type":"Feature","id":"NGC6322","properties":{"name":"NGC 6322","type":"oc","mag":6,"dim":"10"},"geometry":{"type":"Point","coordinates":[-100.395,-42.933]}},{"type":"Feature","id":"NGC6334","properties":{"name":"NGC 6334","type":"en","mag":999,"dim":"120x110"},"geometry":{"type":"Point","coordinates":[-99.795,-36.1]}},{"type":"Feature","id":"NGC6383","properties":{"name":"NGC 6383","type":"oc","mag":5.5,"dim":"20"},"geometry":{"type":"Point","coordinates":[-96.33,-32.583]}},{"type":"Feature","id":"M6","properties":{"name":"M6","type":"oc","mag":4.2,"dim":"20"},"geometry":{"type":"Point","coordinates":[-94.92,-32.25]}},{"type":"Feature","id":"NGC6416","properties":{"name":"NGC 6416","type":"oc","mag":5.7,"dim":"14"},"geometry":{"type":"Point","coordinates":[-93.93,-32.367]}},{"type":"Feature","id":"M7","properties":{"name":"M7","type":"oc","mag":3.3,"dim":"80"},"geometry":{"type":"Point","coordinates":[-91.53,-34.8]}},{"type":"Feature","id":"B111","properties":{"name":"B 111","type":"dn","mag":999,"dim":"120x120"},"geometry":{"type":"Point","coordinates":[-77.25,-5]}},{"type":"Feature","id":"M11","properties":{"name":"M11","type":"oc","mag":5.8,"dim":"14"},"geometry":{"type":"Point","coordinates":[-77.22,-6.267]}},{"type":"Feature","id":"M5","properties":{"name":"M5","type":"gc","mag":5.7,"dim":"19.9"},"geometry":{"type":"Point","coordinates":[-130.35,2.083]}},{"type":"Feature","id":"NGC6605","properties":{"name":"NGC 6605","type":"oc","mag":6,"dim":"2"},"geometry":{"type":"Point","coordinates":[-85.395,-14.95]}},{"type":"Feature","id":"M16","properties":{"name":"M16","type":"oc","mag":6,"dim":"7"},"geometry":{"type":"Point","coordinates":[-85.305,-13.783]}},{"type":"Feature","id":"IC4756","properties":{"name":"IC 4756","type":"oc","mag":4.6,"dim":"39"},"geometry":{"type":"Point","coordinates":[-80.25,5.45]}},{"type":"Feature","id":"M23","properties":{"name":"M23","type":"oc","mag":5.5,"dim":"27"},"geometry":{"type":"Point","coordinates":[-90.72,-18.983]}},{"type":"Feature","id":"M8","properties":{"name":"M8","type":"sfr","mag":5,"dim":"45x30"},"geometry":{"type":"Point","coordinates":[-89.07,-24.383]}},{"type":"Feature","id":"M21","properties":{"name":"M21","type":"oc","mag":5.9,"dim":"13"},"geometry":{"type":"Point","coordinates":[-88.95,-22.483]}},{"type":"Feature","id":"NGC6530","properties":{"name":"NGC 6530","type":"oc","mag":4.6,"dim":"15"},"geometry":{"type":"Point","coordinates":[-88.875,-24.35]}},{"type":"Feature","id":"M17","properties":{"name":"M17","type":"oc","mag":6,"dim":"11"},"geometry":{"type":"Point","coordinates":[-84.795,-16.183]}},{"type":"Feature","id":"M24","properties":{"name":"M24","type":"oc","mag":3.1,"dim":"95x35"},"geometry":{"type":"Point","coordinates":[-85.68,-18.667]}},{"type":"Feature","id":"M25","properties":{"name":"M25","type":"oc","mag":4.6,"dim":"29"},"geometry":{"type":"Point","coordinates":[-82.05,-19.117]}},{"type":"Feature","id":"M22","properties":{"name":"M22","type":"gc","mag":5.2,"dim":"24"},"geometry":{"type":"Point","coordinates":[-80.895,-23.9]}},{"type":"Feature","id":"M45","properties":{"name":"M45","type":"oc","mag":1.2,"dim":"100"},"geometry":{"type":"Point","coordinates":[56.745,24.117]}},{"type":"Feature","id":"IC353","properties":{"name":"IC 353","type":"en","mag":999,"dim":"180x30"},"geometry":{"type":"Point","coordinates":[58.245,25.5]}},{"type":"Feature","id":"IC360","properties":{"name":"IC 360","type":"en","mag":999,"dim":"180x100"},"geometry":{"type":"Point","coordinates":[62.25,26]}},{"type":"Feature","id":"B7","properties":{"name":"B 7","type":"dn","mag":999,"dim":"600"},"geometry":{"type":"Point","coordinates":[64.38,28.567]}},{"type":"Feature","id":"Hyades","properties":{"name":"Hyades","type":"oc","mag":0.5,"dim":"330"},"geometry":{"type":"Point","coordinates":[66.75,16]}},{"type":"Feature","id":"B22","properties":{"name":"B 22","type":"dn","mag":999,"dim":"120"},"geometry":{"type":"Point","coordinates":[69.495,26.05]}},{"type":"Feature","id":"Sh2-240","properties":{"name":"Sh2-240","type":"snr","mag":999,"dim":"200x180"},"geometry":{"type":"Point","coordinates":[84.78,28]}},{"type":"Feature","id":"NGC6025","properties":{"name":"NGC 6025","type":"oc","mag":5.1,"dim":"12"},"geometry":{"type":"Point","coordinates":[-119.175,-60.433]}},{"type":"Feature","id":"M33","properties":{"name":"M33","type":"s","mag":5.7,"dim":"68.7x41.6"},"geometry":{"type":"Point","coordinates":[23.475,30.65]}},{"type":"Feature","id":"NGC104","properties":{"name":"NGC 104","type":"gc","mag":4,"dim":"30"},"geometry":{"type":"Point","coordinates":[6.03,-72.083]}},{"type":"Feature","id":"SMC","properties":{"name":"SMC","type":"i","mag":2.3,"dim":"319x205"},"geometry":{"type":"Point","coordinates":[13.155,-72.8]}},{"type":"Feature","id":"Cr285","properties":{"name":"Cr 285","type":"oc","mag":0.4,"dim":"1400"},"geometry":{"type":"Point","coordinates":[-179.25,58]}},{"type":"Feature","id":"NGC2547","properties":{"name":"NGC 2547","type":"oc","mag":4.7,"dim":"20"},"geometry":{"type":"Point","coordinates":[122.55,-49.2]}},{"type":"Feature","id":"Gum12","properties":{"name":"Gum 12","type":"snr","mag":999,"dim":"264x108"},"geometry":{"type":"Point","coordinates":[127.5,-44]}},{"type":"Feature","id":"Pismis4","properties":{"name":"Pismis 4","type":"oc","mag":5.9,"dim":"18"},"geometry":{"type":"Point","coordinates":[128.655,-44.367]}},{"type":"Feature","id":"IC2391","properties":{"name":"IC 2391","type":"oc","mag":2.5,"dim":"60"},"geometry":{"type":"Point","coordinates":[129.9,-52.917]}},{"type":"Feature","id":"IC2395","properties":{"name":"IC 2395","type":"oc","mag":4.6,"dim":"17"},"geometry":{"type":"Point","coordinates":[130.62,-48]}},{"type":"Feature","id":"Tr10","properties":{"name":"Tr 10","type":"oc","mag":4.6,"dim":"15"},"geometry":{"type":"Point","coordinates":[131.955,-42.483]}},{"type":"Feature","id":"NGC3228","properties":{"name":"NGC 3228","type":"oc","mag":6,"dim":"5"},"geometry":{"type":"Point","coordinates":[155.355,-51.717]}},{"type":"Feature","id":"NGC2348","properties":{"name":"NGC 2348","type":"oc","mag":999,"dim":"180x100"},"geometry":{"type":"Point","coordinates":[105.75,-67.4]}},{"type":"Feature","id":"Cr399","properties":{"name":"Cr 399","type":"oc","mag":3.6,"dim":"60"},"geometry":{"type":"Point","coordinates":[-68.445,20.1]}},{"type":"Feature","id":"Stock1","properties":{"name":"Stock 1","type":"oc","mag":5.3,"dim":"60"},"geometry":{"type":"Point","coordinates":[-66.045,25.183]}}]}